Region,Total_Invoices,Error_Rate,Avg_Freight,Avg_Billed
Calgary,2442,0.13185913185913187,2577.049340704341,2576.7610524160527
Montreal,2474,0.16531932093775262,2498.84238480194,2498.528722716249
Toronto,2337,0.1433461703038083,2538.205438596491,2537.878951647411
Vancouver,2375,0.14357894736842106,2588.341835789474,2588.1060463157896
Windsor,2372,0.14966273187183812,2573.2682462057337,2572.8719561551434
